Model,Mean Final Equity,Prob of Loss (%),VaR 95%,CVaR 95%,Worst 5% Case,Best 5% Case
Linear Regression,19207.32735744994,9.950000000000001,-0.02797149050271649,-0.04816909876790597,8552.245330856947,34565.23592118929
Random Forest,39288.984164329624,0.25,-0.027042407543429476,-0.04380129682781864,16182.244322910097,72763.84444508525
XGBoost,18409.869472974104,19.8,-0.03540089754993602,-0.05900267055416784,6732.557769706401,37325.59295198519
Neural Network,33884.8507115368,0.15,-0.02462228244100882,-0.039287178426203904,16749.399012755886,59552.428114922266
