Total Revenue,Gross Profit,Net Income,EPS,Operating Income,Year
91854000000.0,50110000000.0,9578000000.0,6.981105,12920000000.0,2024
91471000000.0,49590000000.0,9074000000.0,6.604076,12913000000.0,2023
86392000000.0,45816000000.0,8910000000.0,6.470588,11357000000.0,2022
79474000000.0,42399000000.0,7618000000.0,5.508315,11162000000.0,2021
,,,,,2020
